{
  "accuracy": 0.9832962138084632,
  "report": {
    "0": {
      "precision": 0.9821124361158433,
      "recall": 0.9858914065840103,
      "f1-score": 0.9839982931512695,
      "support": 4678.0
    },
    "1": {
      "precision": 0.9845938375350141,
      "recall": 0.9804741980474198,
      "f1-score": 0.9825296995108316,
      "support": 4302.0
    },
    "accuracy": 0.9832962138084632,
    "macro avg": {
      "precision": 0.9833531368254287,
      "recall": 0.983182802315715,
      "f1-score": 0.9832639963310505,
      "support": 8980.0
    },
    "weighted avg": {
      "precision": 0.9833011876643146,
      "recall": 0.9832962138084632,
      "f1-score": 0.983294741944013,
      "support": 8980.0
    }
  }
}